<?xml version="1.0"?>
<trainees xmlns:xs="http://www.w3.org/2001/XMLSchema-instance" xs:noNamespaceSchemaLocation="Trainee.xsd">

<trainee empnumber="810599">
		<modulename>"Core Java"</modulename>
		<mptmarks>54</mptmarks>
		<mttmarks>15</mttmarks>
		<assignmentmarks>84</assignmentmarks>
		<total>70</total>
		<score>3</score>
</trainee>


<trainee empnumber="800519">
		<modulename>"Core Java"</modulename>
		<mptmarks>44</mptmarks>
		<mttmarks>15</mttmarks>
		<assignmentmarks>85</assignmentmarks>
		<total>60</total>
		<score>2</score>
</trainee>


<trainee empnumber="811191">
		<modulename>"C#"</modulename>
		<mptmarks>34</mptmarks>
		<mttmarks>10</mttmarks>
		<assignmentmarks>86</assignmentmarks>
		<total>49</total>
		<score>0</score>
</trainee>


<trainee empnumber="811192">
		<modulename>"Core Java"</modulename>
		<mptmarks>52</mptmarks>
		<mttmarks>21</mttmarks>
		<assignmentmarks>86</assignmentmarks>
		<total>70</total>
		<score>3</score>
</trainee>


<trainee empnumber="810599">
		<modulename>"Servelet-JSP"</modulename>
		<mptmarks>12</mptmarks>
		<mttmarks>24</mttmarks>
		<assignmentmarks>85</assignmentmarks>
		<total>40</total>
		<score>0</score>
</trainee>


<trainee empnumber="810599">
		<modulename>"Spring"</modulename>
		<mptmarks>44</mptmarks>
		<mttmarks>11</mttmarks>
		<assignmentmarks>64</assignmentmarks>
		<total>0</total>
		<score>0</score>
</trainee>
</trainees>
